compression_ratio,benchmark,num_examples,score,avg_peak_memory_gb,max_peak_memory_gb,avg_prefill_latency_s,avg_decode_latency_s,num_errors
0.125,LoCoMo,1,0.0,22.62504529953003,22.62504529953003,0.13165235798805952,3.24345892801648,0
0.25,LoCoMo,1,0.0,22.87976884841919,22.87976884841919,0.1692953490128275,3.2953601909975987,0
0.5,LoCoMo,1,0.0,23.544633388519287,23.544633388519287,0.26893510500667617,3.4642373399983626,0
1.0,LoCoMo,1,0.0,24.8804030418396,24.8804030418396,0.7663279449916445,1.5959299660171382,0
