compression_ratio,num_examples,num_errors,exact_match,contains_match,token_f1,avg_prompt_tokens,avg_chunk_tokens,avg_decoder_tokens,avg_generated_tokens,avg_peak_memory_gb,max_peak_memory_gb,avg_prefill_latency_s,avg_decode_latency_s,avg_tokens_per_second,max_memory_saving_vs_1p0,avg_prefill_speedup_vs_1p0,avg_decode_speedup_vs_1p0
1.0,25,0,0.0,0.2,0.10595260433205751,24850.6,23927.16,927.16,29.88,25.566359634399415,38.463252544403076,0.5678175017959438,3.5171086028008722,11.268860132130444,0.0,1.0,1.0
0.5,25,0,0.0,0.2,0.0,24850.6,11557.24,927.16,32.0,23.958100814819336,30.33021116256714,0.3204031354829203,3.3087087693216746,11.99075622845514,0.21144965242985944,1.7721970820919521,1.0629852453052018
0.25,25,0,0.0,0.16,0.0,24850.6,5536.12,927.16,32.0,23.192952156066895,26.330729961395264,0.20523434880189598,3.1225768604374027,12.372731122697346,0.31543152958792764,2.766678702228514,1.126348128483923
0.125,25,0,0.0,0.12,0.0,24850.6,2709.88,927.16,32.0,22.832882194519044,24.331891536712646,0.15083886960172094,3.0302598878426945,12.59848557974882,0.3673990126387981,3.7643977530143564,1.1606623632881785
