compression_ratio,retention_policy,benchmark,num_examples,collapse_rate,avg_unique_token_ratio,avg_max_token_fraction,avg_max_token_run,avg_kept_chunk_tokens,avg_dropped_chunk_tokens,answer_in_dropped_rate,answer_in_kept_or_decoder_rate
0.25,keep_early,RULER,12,0.0,0.9160735098235099,0.15696282883782883,1.0,3840.0,12111.833333333334,0.5,0.5
0.25,keep_early,SCBench,4,0.0,0.8127136752136752,0.23151709401709403,1.5,23040.0,69897.25,0.25,0.25
0.5,keep_early,RULER,12,0.0,0.8568016950369892,0.15965094954065542,1.0,7936.0,8015.833333333333,0.5,0.5
0.5,keep_early,SCBench,4,0.0,0.8182692307692307,0.22596153846153846,1.5,46336.0,46601.25,0.25,0.25
0.25,keep_even,RULER,12,0.0,0.9206926651779593,0.1574281723178782,1.0,3541.3333333333335,12410.5,0.6666666666666666,0.3333333333333333
0.25,keep_even,SCBench,4,0.0,0.8091422466422467,0.23786630036630035,1.5,22537.25,70400.0,0.0,0.5
0.5,keep_even,RULER,12,0.0,0.8568016950369892,0.15965094954065542,1.0,7503.833333333333,8448.0,0.5833333333333334,0.4166666666666667
0.5,keep_even,SCBench,4,0.0,0.8016025641025641,0.20096153846153847,1.5,45833.25,47104.0,0.25,0.25
