compression_ratio,retention_policy,benchmark,num_examples,score,avg_peak_memory_gb,max_peak_memory_gb,avg_prefill_latency_s,avg_decode_latency_s,num_errors
1.0,all_encoder_chunks,LoCoMo,1,0.0,24.877793788909912,24.877793788909912,0.4757126799086109,1.6433374020271003,0
1.0,all_encoder_chunks,LongBench,5,0.14001066862371356,22.883812046051027,23.108490467071533,0.1913818852044642,3.5690051659708844,0
1.0,all_encoder_chunks,LongCodeBench,3,0.0,22.47504488627116,22.475939750671387,0.0512687157218655,1.4264834876715515,0
1.0,all_encoder_chunks,RULER,12,0.16666666666666666,24.521744966506958,27.01471185684204,0.4960305859082534,3.4391595139168203,0
1.0,all_encoder_chunks,SCBench,4,0.11945385805794433,34.54408073425293,38.463252544403076,1.9317065437498968,6.4701085109845735,0
