compression_ratio,retention_policy,benchmark,num_examples,score,avg_peak_memory_gb,max_peak_memory_gb,avg_prefill_latency_s,avg_decode_latency_s,num_errors
0.25,keep_early,RULER,12,0.08333333333333333,22.95407462120056,23.510782718658447,0.18208949891413795,1.5732456373298191,0
0.25,keep_early,SCBench,4,0.05660614174546063,25.44426202774048,26.444712162017822,0.5472360257481341,1.9342645299984724,0
0.5,keep_early,RULER,12,0.08333333333333333,23.47745370864868,24.71062707901001,0.28416894133018405,1.6635120487529396,0
0.5,keep_early,SCBench,4,0.0643448275862069,28.477171421051025,30.444193363189697,0.9908531772452989,2.288857698244101,0
0.25,keep_even,RULER,12,0.16666666666666666,22.91635227203369,23.414924144744873,0.17722194833186222,1.4970184533303836,0
0.25,keep_even,SCBench,4,0.06433206841555299,25.378708600997925,26.330729961395264,0.5394878142542439,1.9264774852490518,0
0.5,keep_even,RULER,12,0.08333333333333333,23.42202115058899,24.61441659927368,0.25326776466924156,1.6674931158316515,0
0.5,keep_even,SCBench,4,0.06352954096200307,28.411584615707397,30.33021116256714,0.9845612445060397,2.286393932750798,0
