compression_ratio,retention_policy,benchmark,task,metric_name,num_examples,score,exact_match,contains_match,token_f1,rouge_l_f1,edit_similarity,avg_peak_memory_gb,avg_prefill_latency_s,avg_decode_latency_s,num_errors
1.0,all_encoder_chunks,LoCoMo,multi_hop,choice_match,24,0.08333333333333333,0.0,0.08333333333333333,0.13688603223085982,0.13688603223085982,0.17379473875151638,24.878873109817505,0.4761431383813033,3.8508902550238417,0
1.0,all_encoder_chunks,LoCoMo,single_hop,choice_match,19,0.3157894736842105,0.0,0.3684210526315789,0.15113925647500964,0.15113925647500964,0.2019094711909948,24.87876673748619,0.4803984003129268,3.7940451226834404,0
1.0,all_encoder_chunks,LoCoMo,temporal_reasoning,choice_match,7,0.0,0.0,0.0,0.0536732914613099,0.0536732914613099,0.1886907685382846,24.882257393428258,0.4778265079949051,3.955171635856719,0
1.0,all_encoder_chunks,LongBench,qasper_e,qa_f1,50,0.13710161645057445,0.0,0.12,0.13710161645057445,0.12970712735571246,0.20153619420014002,22.84695909500122,0.17662102819187567,3.1390460733394137,0
1.0,all_encoder_chunks,LongCodeBench,LongCodeQA_32K,choice_match,50,0.7,0.0,1.0,0.03872139889096411,0.03872139889096411,0.008846270094487262,24.89852518081665,0.4858248050091788,3.9922012475598603,0
1.0,all_encoder_chunks,RULER,passkey_retrieval_early,passkey_contains,17,0.058823529411764705,0.0,0.058823529411764705,0.029411764705882353,0.029411764705882353,0.07356284564027904,25.255811158348532,0.5726100273416651,4.0063228847541135,0
1.0,all_encoder_chunks,RULER,passkey_retrieval_late,passkey_contains,16,0.0625,0.0,0.0625,0.07670454545454546,0.07670454545454546,0.09005590168577804,25.109065175056458,0.5121843988381443,3.751166021131212,0
1.0,all_encoder_chunks,RULER,passkey_retrieval_middle,passkey_contains,17,0.0,0.0,0.0,0.0196078431372549,0.0196078431372549,0.055287182177363704,25.25516414642334,0.5531390725963694,4.017924766898538,0
1.0,all_encoder_chunks,SCBench,scbench_kv,exact_or_contains,50,0.0,0.0,0.0,0.0,0.0,0.1411790717364879,38.46878719329834,3.047805374758318,9.349092086120509,0
