compression_ratio,benchmark,task,num_examples,exact_match,contains_match,token_f1,avg_prompt_tokens,avg_chunk_tokens,avg_decoder_tokens,avg_generated_tokens,avg_peak_memory_gb,avg_prefill_latency_s,avg_decode_latency_s,avg_tokens_per_second,num_errors
0.25,RULER,passkey_retrieval_early,1,0.0,0.0,0.0,4602.0,506.0,1024.0,16.0,22.601294994354248,0.12530494999373332,1.7293912729946896,9.251810304497315,0
0.25,RULER,passkey_retrieval_late,1,0.0,0.0,0.0,4602.0,506.0,1024.0,16.0,22.601294994354248,0.11548260098788887,1.7333379550254904,9.230744618273073,0
0.25,RULER,passkey_retrieval_middle,1,0.0,0.0,0.0,4602.0,506.0,1024.0,16.0,22.601294994354248,0.11547280300874263,1.7315865049895365,9.240081251439808,0
0.5,RULER,passkey_retrieval_early,1,0.0,0.0,0.0,4602.0,1530.0,1024.0,16.0,22.643925189971924,0.13444388800417073,2.0263141980103683,7.896110097688873,0
0.5,RULER,passkey_retrieval_late,1,0.0,0.0,0.0,4602.0,1530.0,1024.0,16.0,22.643925189971924,0.13422342200647108,2.028441231988836,7.8878301957569645,0
0.5,RULER,passkey_retrieval_middle,1,0.0,0.0,0.0,4602.0,1530.0,1024.0,16.0,22.643925189971924,0.13437782699475065,2.0261372289969586,7.896799768059549,0
1.0,RULER,passkey_retrieval_early,1,0.0,0.0,0.0,4602.0,3578.0,1024.0,16.0,22.911129474639893,0.4466936390090268,2.667487169004744,5.998154437597426,0
1.0,RULER,passkey_retrieval_late,1,0.0,1.0,0.0,4602.0,3578.0,1024.0,16.0,22.911129474639893,0.1785844240221195,2.683873547008261,5.96153273235818,0
1.0,RULER,passkey_retrieval_middle,1,0.0,0.0,0.0,4602.0,3578.0,1024.0,15.0,22.911129474639893,0.17758038701140322,2.6746075970004313,5.60829933214221,0
