benchmark,task,num_examples,exact_match,avg_peak_memory_gb,avg_prefill_latency_s,avg_decode_latency_s,avg_tokens_per_second,num_errors
LoCoMo,temporal_memory,1,0.0,22.449596881866455,0.030044423998333514,1.1866999557241797e-05,84267.29900649177,0
LongBench,multi_document_qa,1,0.0,22.44944429397583,0.031357539002783597,1.268699998036027e-05,78820.8403521731,0
LongCodeBench,code_qa,1,0.0,22.450000286102295,0.030070234002778307,1.1936004739254713e-05,83780.12759254653,0
RULER,retrieval,1,0.0,22.449169635772705,0.3145976880041417,1.6439997125416994e-05,60827.26124410045,0
SCBench,semantic_retrieval,1,0.0,22.449169635772705,0.030477657011942938,1.1921016266569495e-05,83885.46560449997,0
