compression_ratio,retention_policy,benchmark,num_examples,score,avg_peak_memory_gb,max_peak_memory_gb,avg_prefill_latency_s,avg_decode_latency_s,num_errors
1.0,all_encoder_chunks,LoCoMo,50,0.16,24.87930648803711,24.90370225906372,0.47799580966122446,3.843888498051092,0
1.0,all_encoder_chunks,LongBench,50,0.13710161645057445,22.84695909500122,23.046620845794678,0.17662102819187567,3.1390460733394137,0
1.0,all_encoder_chunks,LongCodeBench,50,0.7,24.89852518081665,25.764007091522217,0.4858248050091788,3.9922012475598603,0
1.0,all_encoder_chunks,RULER,50,0.04,25.2086324596405,27.603665828704834,0.5466537016071379,3.9286173283238894,0
1.0,all_encoder_chunks,SCBench,50,0.0,38.46878719329834,38.50748586654663,3.047805374758318,9.349092086120509,0
