compression_ratio,num_examples,num_errors,exact_match,contains_match,token_f1,avg_prompt_tokens,avg_chunk_tokens,avg_decoder_tokens,avg_generated_tokens,avg_peak_memory_gb,max_peak_memory_gb,avg_prefill_latency_s,avg_decode_latency_s,avg_tokens_per_second,max_memory_saving_vs_1p0,avg_prefill_speedup_vs_1p0,avg_decode_speedup_vs_1p0
1.0,25,0,0.0,0.2,0.050717316499103736,24848.68,23926.92,924.2,27.28,25.566033248901366,38.463865756988525,0.5678847339190543,3.344629216402536,11.21576770308821,0.0,1.0,1.0
0.5,25,0,0.0,0.08,0.0,24848.68,11557.0,924.2,30.6,23.957502822875977,30.330862522125244,0.3203239899582695,3.2689141422032844,11.970892229781938,0.21144528961927314,1.7728448437253668,1.023162148317612
0.25,25,0,0.0,0.08,0.0,24848.68,5535.88,924.2,30.6,23.192475624084473,26.33138132095337,0.20528534943819976,3.0818165631999728,12.362905866957291,0.31542550903976146,2.7663188604212277,1.0852784868316998
0.125,25,0,0.0,0.08,0.0,24848.68,2709.64,924.2,30.6,22.8324299621582,24.332540035247803,0.15083089216030202,2.991726270839572,12.578283087388332,0.36739223797787907,3.765042596946986,1.117959637217722
