compression_ratio,benchmark,num_examples,score,avg_peak_memory_gb,max_peak_memory_gb,avg_prefill_latency_s,avg_decode_latency_s,num_errors
0.125,LoCoMo,1,0.0,22.625014781951904,22.625014781951904,0.13332377100596204,3.236057165020611,0
0.25,LoCoMo,1,0.0,22.879652500152588,22.879652500152588,0.1697204910160508,3.2963917830202263,0
0.5,LoCoMo,1,0.0,23.544503688812256,23.544503688812256,0.27226495899958536,3.463779509998858,0
1.0,LoCoMo,1,0.0,24.880353450775146,24.880353450775146,0.7390424500044901,3.812340320990188,0
