compression_ratio,benchmark,task,metric_name,num_examples,score,exact_match,contains_match,token_f1,rouge_l_f1,edit_similarity,avg_peak_memory_gb,avg_prefill_latency_s,avg_decode_latency_s,num_errors
0.125,LoCoMo,multi_hop,choice_match,1,0.0,0.0,0.0,0.0,0.0,0.04918032786885246,22.625014781951904,0.13332377100596204,3.236057165020611,0
0.25,LoCoMo,multi_hop,choice_match,1,0.0,0.0,1.0,0.0,0.0,0.0,22.879652500152588,0.1697204910160508,3.2963917830202263,0
0.5,LoCoMo,multi_hop,choice_match,1,0.0,0.0,1.0,0.0,0.0,0.0,23.544503688812256,0.27226495899958536,3.463779509998858,0
1.0,LoCoMo,multi_hop,choice_match,1,0.0,0.0,0.0,0.1904761904761905,0.1904761904761905,0.14285714285714285,24.880353450775146,0.7390424500044901,3.812340320990188,0
