compression_ratio,retention_policy,benchmark,num_examples,score,avg_peak_memory_gb,max_peak_memory_gb,avg_prefill_latency_s,avg_decode_latency_s,num_errors
0.5,keep_early,RULER,3,0.3333333333333333,22.710886478424072,22.710886478424072,0.14653260601335205,1.558620318993538,0
0.5,keep_early,SCBench,3,0.005333333333333333,28.39903752009074,30.443216800689697,0.9797419573393805,2.277187338671259,0
0.5,keep_even,RULER,3,0.3333333333333333,22.643462657928467,22.643462657928467,0.13634672499999093,1.5533955843323686,0
0.5,keep_even,SCBench,3,0.004246284501061571,28.32489824295044,30.332499980926514,0.9722764970016821,2.2734309363392335,0
0.5,keep_recent,RULER,3,0.0,22.643462657928467,22.643462657928467,0.2656791063200217,1.5679425196625136,0
0.5,keep_recent,SCBench,3,0.007950028392958547,28.32489824295044,30.332499980926514,0.9688891210050011,2.2635279749908173,0
0.5,oracle_keep_answer,RULER,3,0.3333333333333333,22.665937264760334,22.710886478424072,0.13883548032996865,1.578145460342057,0
0.5,oracle_keep_answer,SCBench,3,0.006814310051107325,28.393352667490642,30.443216800689697,0.9817833069828339,2.268952542663707,0
