compression_ratio,num_examples,num_errors,exact_match,contains_match,token_f1,avg_prompt_tokens,avg_chunk_tokens,avg_decoder_tokens,avg_generated_tokens,avg_peak_memory_gb,max_peak_memory_gb,avg_prefill_latency_s,avg_decode_latency_s,avg_tokens_per_second,max_memory_saving_vs_1p0,avg_prefill_speedup_vs_1p0,avg_decode_speedup_vs_1p0
1.0,25,0,0.0,0.0,0.03158015776280385,24855.68,23933.08,922.6,8.0,25.566981563568117,38.465872287750244,0.5695126799226273,3.9020372367626988,8.038405342755912,0.0,1.0,1.0
0.5,25,0,0.0,0.0,0.0,24855.68,11563.16,922.6,8.0,23.958389110565186,30.33225107192993,0.3199918929184787,2.2465276122442446,9.330038383474921,0.21145032549828663,1.7797722146283146,1.7369193307464523
0.25,25,0,0.0,0.0,0.0,24855.68,5542.04,922.6,8.0,23.193135738372803,26.332769870758057,0.20476988632348367,1.4394118223595433,10.57036433937993,0.31542512090271946,2.7812325833054574,2.710855348100669
0.125,25,0,0.0,0.0,0.0,24855.68,2715.8,922.6,8.0,22.832876834869385,24.33392572402954,0.15035549839958548,1.0572309482388664,11.497743509676102,0.3673892134306579,3.7877742150080054,3.690808752111075
