compression_ratio,retention_policy,benchmark,num_examples,collapse_rate,avg_unique_token_ratio,avg_max_token_fraction,avg_max_token_run,avg_kept_chunk_tokens,avg_dropped_chunk_tokens,answer_in_dropped_rate,answer_in_kept_or_decoder_rate
0.5,keep_early,RULER,3,0.0,0.9505494505494506,0.1292041292041292,1.0,2048.0,1514.0,0.3333333333333333,0.6666666666666666
0.5,keep_early,SCBench,3,0.0,0.841025641025641,0.21794871794871795,1.6666666666666667,45738.666666666664,45844.666666666664,0.3333333333333333,0.3333333333333333
0.5,keep_even,RULER,3,0.0,0.9505494505494506,0.1292041292041292,1.0,1514.0,2048.0,0.3333333333333333,0.6666666666666666
0.5,keep_even,SCBench,3,0.0,0.8188034188034189,0.18461538461538463,1.6666666666666667,45162.0,46421.333333333336,0.3333333333333333,0.3333333333333333
0.5,keep_recent,RULER,3,1.0,1.0,1.0,1.0,1514.0,2048.0,0.3333333333333333,0.6666666666666666
0.5,keep_recent,SCBench,3,0.6666666666666666,0.15773809523809523,0.6666666666666666,6.333333333333333,45162.0,46421.333333333336,0.3333333333333333,0.3333333333333333
0.5,oracle_keep_answer,RULER,3,0.6666666666666666,0.9743589743589745,0.717948717948718,1.0,1692.0,1870.0,0.0,1.0
0.5,oracle_keep_answer,SCBench,3,0.6666666666666666,0.3701923076923077,0.6971153846153846,10.333333333333334,45695.0,45888.333333333336,0.0,0.6666666666666666
